asset,entry_date,exit_date,entry_price,exit_price,shares,pnl,pnl_pct,reason,entry_score,exit_score,holding_days,sig_bear_low_vol,sig_magic_40,sig_magic_19,sig_ma_cross,sig_momentum,sig_rsi,sig_macd,sig_hurst
BTC-USD,2020-12-23,2020-12-28,23241.345703125,27084.80859375,0.14342256149501437,551.2392927844699,16.53717878353409,TAKE_PROFIT,65.7439024390244,46.264227642276424,5,0.0,1.0,1.0,0.5,1.0,76.35069079372106,276.49363332036523,0.27532192525803406
SOL-USD,2021-01-03,2021-01-06,2.1617519855499268,1.929216980934143,1541.9591866295286,-358.55948658024727,-10.756784597407425,STOP_LOSS,62.46835443037975,58.955696202531655,3,0.0,1.0,1.0,0.5,1.0,64.8712860934829,0.081159425020642,0.3960322125688337
BTC-USD,2021-01-06,2021-01-07,36824.36328125,39371.04296875,0.09051978191380106,230.52488991680684,6.91574669750421,SIGNAL_WEAK,60.25609756097561,37.9390243902439,1,0.0,1.0,1.0,0.5,1.0,93.72388404367645,756.4098141388899,0.508188359338069
ETH-USD,2021-01-06,2021-01-11,1207.1121826171875,1090.1453857421875,2.7614113926894532,-322.9934454570184,-9.689803363710544,STOP_LOSS,65.7439024390244,48.146341463414636,5,0.0,1.0,1.0,0.5,1.0,96.80862121305447,50.55745084642193,0.2654918097620846
SOL-USD,2021-01-08,2021-01-17,3.2198870182037354,3.81813907623291,1035.2330111237525,619.3302794445244,18.579908383335734,TAKE_PROFIT,64.06329113924052,58.14873417721519,9,0.0,1.0,1.0,0.5,1.0,74.75924381688847,0.1489551383485032,0.3854006104259862
ETH-USD,2021-01-13,2021-01-18,1130.7393798828125,1257.279541015625,2.947923626467129,373.03073070037544,11.190921921011263,SIGNAL_WEAK,62.48780487804878,32.01219512195122,5,0.0,1.0,1.0,0.5,1.0,71.06527570595787,4.415794756105413,0.44694553865254616
SOL-USD,2021-01-20,2021-01-21,3.7235779762268066,2.9905359745025635,895.196328535352,-656.2165086057475,-19.686495258172428,SIGNAL_WEAK,76.81329113924052,28.243670886075947,1,0.0,1.0,1.0,0.5,1.0,74.99511379291323,0.04185019040238275,0.557516313458229
SOL-USD,2021-02-03,2021-02-05,5.71599006652832,6.681719779968262,583.1593992530984,563.1743595305034,16.895230785915093,TAKE_PROFIT,76.81329113924052,59.74367088607596,2,0.0,1.0,1.0,0.5,1.0,73.87825560806476,0.1408620333224498,0.46162362652991046
SOL-USD,2021-02-08,2021-02-10,7.8832502365112305,9.072214126586914,422.8374380271501,502.73844518639635,15.082153355591881,TAKE_PROFIT,60.740506329113934,90.73417721518987,2,0.0,1.0,1.0,0.5,1.0,84.63762225642003,0.28542505730248524,0.488529670889565
SOL-USD,2021-02-12,2021-02-13,9.2470121383667,8.732455253601074,360.4767987167475,-185.4858185779749,-5.564574557339244,STOP_LOSS,62.58860759493672,65.06012658227849,1,0.0,1.0,1.0,0.5,1.0,90.46862817041482,0.3691687844421929,0.5777698106975616
ETH-USD,2021-02-10,2021-02-16,1744.243408203125,1781.0675048828125,1.911048261760237,70.37262595060747,2.111178778518231,SIGNAL_WEAK,68.17886178861788,32.01219512195122,6,0.0,1.0,1.0,0.5,1.0,74.1934762168298,16.93731306081898,0.38549211174529713
SOL-USD,2021-02-14,2021-02-16,8.738896369934082,8.297866821289062,381.4364185392528,-168.22473150513952,-5.046741945154182,STOP_LOSS,65.06012658227849,65.06012658227849,2,0.0,1.0,1.0,0.5,1.0,83.00643341956622,0.22830308021469037,0.617782091389576
BTC-USD,2021-02-10,2021-02-17,44918.18359375,52149.0078125,0.07420899659435783,536.5922098236188,16.097766294708567,TAKE_PROFIT,62.48780487804878,60.25609756097561,7,0.0,1.0,1.0,0.5,1.0,83.17414173857797,1133.5964096071093,0.498380597394176
SOL-USD,2021-02-17,2021-02-19,8.222577095031738,11.465653419494629,405.3879087795245,1314.703929186398,39.44111787559193,TAKE_PROFIT,70.83227848101266,66.05696202531647,2,0.0,1.0,1.0,0.5,0.0,70.58370596565167,-0.004027897822501458,0.6389056935198288
SOL-USD,2021-02-20,2021-02-22,10.002663612365723,14.454785346984863,333.24456989761444,1483.645392584977,44.509361777549294,TAKE_PROFIT,65.06012658227849,60.740506329113934,2,0.0,1.0,1.0,0.5,1.0,71.0184561266995,0.09845776923308991,0.6025077009289472
SOL-USD,2021-02-23,2021-02-25,15.2015380859375,13.816014289855957,219.27605709957092,-303.8121950223908,-9.11436585067172,SIGNAL_WEAK,60.740506329113934,35.12658227848101,2,0.0,1.0,1.0,0.5,1.0,79.26236305704683,0.5057449977871935,0.47835282709038285
SOL-USD,2021-03-03,2021-03-04,14.115591049194336,13.097983360290527,236.14550192877593,-240.30347846277164,-7.209104353883146,STOP_LOSS,78.18037974683544,41.15506329113924,1,0.0,1.0,1.0,0.5,1.0,65.31508294291388,-0.05425294794287927,0.419238219586057
SOL-USD,2021-03-10,2021-03-16,14.231083869934082,13.622773170471191,234.22905548154662,-142.48404057451216,-4.274521217235355,SIGNAL_WEAK,63.22784810126583,35.88607594936709,6,0.0,1.0,1.0,0.5,-0.5,37.34964990744453,-0.2285930475728697,0.3943431177796143
SOL-USD,2021-03-17,2021-03-23,14.220203399658203,14.20483112335205,234.40827389384975,-3.6033887547446284,-0.10810166264233487,SIGNAL_WEAK,69.6360759493671,35.88607594936709,6,0.0,1.0,1.0,0.5,0.0,50.46916489896877,-0.29000677562368327,0.36968164169559276
SOL-USD,2021-03-31,2021-04-03,19.465229034423828,22.552276611328125,171.2455233605732,528.6430779459656,15.85929233837897,TAKE_PROFIT,68.26898734177216,64.06329113924052,3,0.0,1.0,1.0,0.5,0.0,78.86989824842837,0.4591573638600992,0.2809615846257955
ETH-USD,2021-04-07,2021-04-09,1971.0772705078125,2072.10888671875,1.6911226075244428,170.85685024904933,5.125705507471482,SIGNAL_WEAK,63.10975609756098,36.28048780487805,2,0.0,1.0,1.0,0.5,1.0,69.83214654120029,22.500317400869818,0.36166906368708707
SOL-USD,2021-04-04,2021-04-09,24.061323165893555,27.778274536132812,138.53491390940076,514.9275380815247,15.447826142445741,TAKE_PROFIT,64.06329113924052,59.74367088607596,5,0.0,1.0,1.0,0.5,1.0,84.0698608347112,0.7116055910262866,0.3027025085019282
ETH-USD,2021-04-14,2021-04-16,2435.10498046875,2431.946533203125,1.368866377453541,-4.323492266873927,-0.12970476800622407,SIGNAL_WEAK,65.7439024390244,32.01219512195122,2,0.0,1.0,1.0,0.5,1.0,73.26644776979113,30.038100906689863,0.3990648941557201
SOL-USD,2021-04-10,2021-04-16,26.84140396118164,25.39736557006836,124.18625114222937,-179.32971429781492,-5.379891428934443,STOP_LOSS,62.58860759493672,50.83860759493671,6,0.0,1.0,1.0,0.5,1.0,84.1667264753973,0.6998251603115917,0.4412875925042225
SOL-USD,2021-04-21,2021-04-22,32.51304244995117,38.8797607421875,102.52295946971088,652.7348014300119,19.58204404290036,TAKE_PROFIT,61.946202531645575,43.79113924050633,1,0.0,1.0,1.0,0.5,0.0,66.15903178327275,0.23325428095047185,0.41398567987227863
SOL-USD,2021-04-28,2021-04-29,44.825984954833984,42.460540771484375,74.36163057414025,-175.89828650599247,-5.276948595179775,STOP_LOSS,75.07911392405063,41.69303797468354,1,0.0,1.0,1.0,0.5,1.0,74.73048642994812,1.0591470748902907,0.386165983008713
ETH-USD,2021-05-05,2021-05-06,3522.783203125,3490.88037109375,0.9462215359651969,-30.18714672624901,-0.9056144017874715,SIGNAL_WEAK,65.7439024390244,37.9390243902439,1,0.0,1.0,1.0,0.5,1.0,80.52650581241565,86.92035248933476,0.38887650400107693
SOL-USD,2021-05-05,2021-05-10,44.92357635498047,42.90963363647461,74.20008832319473,-149.43472759098995,-4.48304182772969,SIGNAL_WEAK,65.36392405063292,34.11392405063291,5,0.0,1.0,1.0,0.5,0.0,64.51243292451565,-0.271554791006853,0.44690446438179277
ETH-USD,2021-05-12,2021-05-13,3785.8486328125,3715.1484375,0.8804718985441862,-62.249535194241616,-1.8674860558272492,SIGNAL_WEAK,62.48780487804878,37.9390243902439,1,0.0,1.0,1.0,0.5,1.0,73.24189632638704,65.69208704483839,0.5589526380213603
SOL-USD,2021-06-09,2021-06-11,42.031776428222656,36.046085357666016,79.30507859989314,-474.69570082517293,-14.240871024755187,SIGNAL_WEAK,64.24050632911393,21.598101265822788,2,0.0,1.0,1.0,0.5,0.0,58.390907912065046,1.2359096911950567,0.4458362209193491
SOL-USD,2021-06-16,2021-06-17,39.703617095947266,39.264591217041016,83.95540701689828,-36.858596354525616,-1.1057578906357715,SIGNAL_WEAK,61.946202531645575,34.96835443037975,1,0.0,1.0,1.0,0.5,0.0,58.72461550470877,0.3566759525224422,0.4365369173238282
SOL-USD,2021-07-07,2021-07-08,36.59136962890625,33.20372772216797,91.09616194033046,-308.60117573208026,-9.25803527196241,SIGNAL_WEAK,61.946202531645575,18.512658227848103,1,0.0,1.0,1.0,0.5,0.0,67.40019684218547,0.5270163017278828,0.43139662891328023
BTC-USD,2021-07-28,2021-08-01,39995.90625,39974.89453125,0.08334186285210961,-1.7511557823495423,-0.05253467347048799,SIGNAL_WEAK,65.7439024390244,25.524390243902438,4,1.0,1.0,1.0,-0.5,1.0,75.70412205192805,1037.18205273005,0.4752856106904499
ETH-USD,2021-08-02,2021-08-07,2610.1533203125,3157.23876953125,1.2770641890623693,698.6632355543647,20.959897066630948,TAKE_PROFIT,72.47560975609757,75.92682926829269,5,1.0,1.0,1.0,0.5,1.0,96.31147155249494,66.31987039422768,0.444757497721613
SOL-USD,2021-08-04,2021-08-11,35.76362609863281,41.74411392211914,93.20456835501817,557.4087861404855,16.72226358421456,TAKE_PROFIT,68.26898734177216,81.08544303797468,7,0.0,1.0,1.0,0.5,0.0,74.8377837818507,0.983989713425996,0.290446430716518
BTC-USD,2021-08-09,2021-08-12,46365.40234375,44428.2890625,0.07189268646091374,-139.2642777681781,-4.177928333045341,SIGNAL_WEAK,72.47560975609757,29.369918699186993,3,1.0,1.0,1.0,0.5,1.0,74.12788646122996,646.5615693463035,0.5686379705436709
ETH-USD,2021-08-11,2021-08-12,3164.2451171875,3043.414306640625,1.053437142156713,-127.28766374697898,-3.818629912409376,SIGNAL_WEAK,60.25609756097561,37.9390243902439,1,0.0,1.0,1.0,0.5,1.0,80.49590779197868,62.41875512475022,0.4611005178085961
SOL-USD,2021-08-15,2021-08-16,53.74515914916992,62.432464599609375,62.02108964049492,538.7961500760653,16.16388450228196,TAKE_PROFIT,64.06329113924052,64.06329113924052,1,0.0,1.0,1.0,0.5,1.0,84.86471437578642,1.390684649705841,0.3649243100997453
SOL-USD,2021-08-17,2021-08-20,64.21070861816406,78.72461700439453,51.912420919622015,753.452121334828,22.60356364004484,TAKE_PROFIT,64.06329113924052,57.06012658227848,3,0.0,1.0,1.0,0.5,1.0,91.26321083605045,2.6327263937071366,0.3518367412908464
BTC-USD,2021-08-25,2021-08-26,48960.7890625,46942.21875,0.06808169143430731,-137.42768115407853,-4.122830434622349,SIGNAL_WEAK,74.08536585365854,25.914634146341463,1,1.0,1.0,1.0,0.5,0.0,60.23998401500423,-90.5679037418954,0.4243497356117108
SOL-USD,2021-08-25,2021-08-27,71.95156860351562,88.08698272705078,46.32745884528865,747.5127337597642,22.425382012792927,TAKE_PROFIT,76.81329113924052,59.74367088607596,2,0.0,1.0,1.0,0.5,1.0,77.47334804878483,1.0735097114238332,0.4957741465728814
ETH-USD,2021-09-01,2021-09-02,3834.828125,3790.989990234375,0.8692262663879711,-38.105258207736824,-1.1431577462321079,SIGNAL_WEAK,60.25609756097561,27.573170731707314,1,0.0,1.0,1.0,0.5,1.0,75.91941324571454,15.089366249740209,0.5306664075865027
SOL-USD,2021-08-30,2021-09-02,110.54480743408203,128.10238647460938,30.153685285679323,529.425712766501,15.882771382995031,TAKE_PROFIT,60.740506329113934,48.36392405063292,3,0.0,1.0,1.0,0.5,1.0,82.2923290560454,2.9870561744618573,0.5779252204724794
SOL-USD,2021-09-03,2021-09-04,146.5830535888672,139.11306762695312,22.740236689860417,-169.86924884386053,-5.096077465315813,STOP_LOSS,60.740506329113934,59.74367088607596,1,0.0,1.0,1.0,0.5,1.0,84.49382466313965,5.258753772538691,0.5719152806202141
SOL-USD,2021-09-05,2021-09-06,142.0708770751953,164.38092041015625,23.462467480714334,523.4486662398485,15.703459987195457,TAKE_PROFIT,62.58860759493672,68.15822784810128,1,0.0,1.0,1.0,0.5,1.0,83.66714476032809,4.9330266906791564,0.5996806442898867
BTC-USD,2021-09-01,2021-09-07,48847.02734375,46811.12890625,0.06824024950127973,-138.9302173342653,-4.167906520027967,SIGNAL_WEAK,78.47560975609757,17.88617886178862,6,1.0,1.0,1.0,0.5,0.0,62.15859474543883,-398.6432304621055,0.4231381614165341
SOL-USD,2021-09-07,2021-09-14,173.14892578125,158.09481811523438,19.25125043827615,-289.81039680323966,-8.694311904097189,STOP_LOSS,69.20253164556964,56.15506329113924,7,0.0,1.0,1.0,0.5,1.0,90.6636032932193,6.361918073778224,0.6166347421142933
SOL-USD,2021-09-15,2021-09-17,159.1173858642578,147.5930633544922,20.948894523549942,-241.42181671245226,-7.242654501373573,STOP_LOSS,72.1993670886076,42.86392405063292,2,0.0,1.0,1.0,0.5,0.0,68.64928229517828,-2.461714845660797,0.6647860662435494
SOL-USD,2021-10-06,2021-10-07,154.1077423095703,154.28118896484375,21.629888825685097,3.7516318707512255,0.11254895612254144,SIGNAL_WEAK,64.24050632911393,39.00316455696203,1,0.0,1.0,1.0,0.5,0.0,53.78717801730076,0.5588578534036479,0.599957985434665
BTC-USD,2021-10-06,2021-10-14,55361.44921875,57321.5234375,0.06021036985795504,118.01679365998007,3.540503809799393,SIGNAL_WEAK,68.17886178861788,37.9390243902439,8,0.0,1.0,1.0,0.5,1.0,77.66517790590277,1266.2346060773948,0.39296677683072123
ETH-USD,2021-10-13,2021-10-14,3606.20166015625,3786.01416015625,0.9243335918127513,166.20673397783003,4.98620201933491,SIGNAL_WEAK,60.25609756097561,37.9390243902439,1,0.0,1.0,1.0,0.5,1.0,79.34028362374681,30.87364183159616,0.4440426965020992
SOL-USD,2021-10-27,2021-10-28,183.77459716796875,194.86398315429688,18.138161556064734,201.14107457757973,6.034232237327393,SIGNAL_WEAK,61.946202531645575,39.00316455696203,1,0.0,1.0,1.0,0.5,0.0,66.81933682275837,2.5379719874288753,0.5208228982489096
SOL-USD,2021-11-03,2021-11-11,242.89881896972656,234.24075317382812,13.723135202846663,-118.81580751225647,-3.5644742253676935,SIGNAL_WEAK,66.36708860759494,39.00316455696203,8,0.0,1.0,1.0,0.5,0.0,75.92128624730597,3.2862751516878976,0.5021895179283103
SOL-USD,2021-12-01,2021-12-03,229.7992401123047,211.22439575195312,14.505414951347564,-269.43582510359784,-8.083074753107926,SIGNAL_WEAK,61.946202531645575,3.4810126582278484,2,0.0,1.0,1.0,0.5,0.0,53.712470192697594,-0.9395198726534324,0.4479908170319972
BTC-USD,2022-02-16,2022-02-17,43961.859375,40538.01171875,0.07582330185126146,-259.60743433257767,-7.788223029977334,SIGNAL_WEAK,60.8739837398374,0.0,1,1.0,1.0,1.0,-0.5,1.0,77.73036202882531,424.18299602420103,0.40618490153424114
SOL-USD,2022-03-02,2022-03-03,100.6496353149414,95.53919982910156,33.1181859020457,-169.2483524604554,-5.077450573813655,SIGNAL_WEAK,66.45569620253164,24.20886075949367,1,1.0,1.0,1.0,-0.5,-0.5,48.89785977735981,2.195056003147309,0.29007570011918177
SOL-USD,2022-03-23,2022-03-29,95.1026840209961,111.71031188964844,35.04983447783055,582.0946078656702,17.462838235970114,TAKE_PROFIT,70.49050632911393,53.09810126582279,6,1.0,1.0,1.0,-0.5,0.0,59.94027993915895,1.661093966386034,0.371201549604518
ETH-USD,2022-03-30,2022-03-31,3385.157958984375,3281.642822265625,0.9846906329692839,-101.9303854974878,-3.0579115649246367,SIGNAL_WEAK,68.17886178861788,32.85365853658537,1,1.0,1.0,1.0,-0.5,1.0,87.33243443733025,57.5137741902284,0.47432725943530857
ETH-USD,2022-04-03,2022-04-05,3522.83349609375,3411.79248046875,0.9462080274385544,-105.06790035930499,-3.152037010779148,SIGNAL_WEAK,72.47560975609757,38.32926829268293,2,1.0,1.0,1.0,0.5,1.0,86.20198983280355,38.856569199818125,0.486864161389877
SOL-USD,2022-03-30,2022-04-06,120.6994857788086,112.88338470458984,27.616798131534146,-215.85568554236625,-6.475670566270993,STOP_LOSS,70.79746835443038,66.21835443037975,7,1.0,1.0,1.0,-0.5,0.0,83.58503376380261,3.335762038842177,0.44011981437584013
SOL-USD,2022-07-06,2022-07-10,37.07356262207031,36.697608947753906,89.91133027363716,-33.8024949790497,-1.0140748493714946,SIGNAL_WEAK,70.49050632911393,33.22784810126583,4,1.0,1.0,1.0,-0.5,0.0,55.95377867943568,0.5585854797181162,0.3927436578094841
SOL-USD,2022-07-20,2022-07-25,42.09366989135742,36.711997985839844,79.18847042646966,-426.1663665350411,-12.78499099605124,SIGNAL_WEAK,66.21835443037975,11.629746835443036,5,1.0,1.0,1.0,-0.5,0.0,60.45300587135693,1.038141091872685,0.5299397562360376
SOL-USD,2022-07-27,2022-08-02,40.3078498840332,39.7545051574707,82.6968777278725,-45.75988119390195,-1.372796435817063,SIGNAL_WEAK,68.67088607594937,33.22784810126583,6,1.0,1.0,1.0,-0.5,0.0,59.370021980444115,-0.16657052813160755,0.5606629265296426
SOL-USD,2022-08-10,2022-08-11,42.365867614746094,42.8217887878418,78.67969006665912,35.87173659399741,1.076152097819927,SIGNAL_WEAK,65.26898734177215,35.60126582278481,1,1.0,1.0,1.0,-0.5,0.0,55.43833199633962,-0.0010912398167829407,0.3422574255505426
SOL-USD,2022-10-05,2022-10-08,34.073883056640625,32.57793426513672,97.82663536739771,-146.34363695475213,-4.3903091086425565,SIGNAL_WEAK,70.49050632911393,9.018987341772153,3,1.0,1.0,1.0,-0.5,0.0,63.439901437081204,0.20682658835045942,0.3815374282940116
ETH-USD,2022-10-26,2022-10-27,1566.566650390625,1514.3748779296875,2.1277954133021812,-111.05341405449371,-3.331602421634817,SIGNAL_WEAK,72.87804878048782,34.483739837398375,1,1.0,1.0,1.0,-0.5,1.0,79.2580729048206,30.33085910443675,0.398209913881888
BTC-USD,2023-01-13,2023-01-23,19909.57421875,22934.431640625,0.16742363732691684,506.43263196563294,15.192978958968977,TAKE_PROFIT,72.47560975609757,72.47560975609757,10,1.0,1.0,1.0,0.5,1.0,97.41339913572752,310.46678393460024,0.45232028921849365
BTC-USD,2023-01-24,2023-02-06,22636.46875,22760.109375,0.14725500563480484,18.20670093106537,0.5462010279319738,SIGNAL_WEAK,72.47560975609757,38.61788617886179,13,1.0,1.0,1.0,0.5,1.0,86.79293873312565,269.7497162716652,0.5726684641231881
ETH-USD,2023-01-13,2023-02-07,1451.6148681640625,1672.0035400390625,2.296293187978423,506.0770059341744,15.182310178025233,TAKE_PROFIT,72.47560975609757,57.621951219512205,25,1.0,1.0,1.0,0.5,1.0,95.1168119269058,24.356040661706103,0.4763078823045022
ETH-USD,2023-02-08,2023-02-09,1650.716796875,1546.438232421875,2.0193247803885703,-210.57228926354173,-6.31716867790626,SIGNAL_WEAK,74.08536585365854,13.821138211382111,1,1.0,1.0,1.0,0.5,0.0,54.65003141883622,-8.029773553337279,0.4598132469286489
SOL-USD,2023-02-20,2023-02-22,26.181386947631836,24.18134880065918,127.3169118198622,-254.63868039447834,-7.6391604118343475,STOP_LOSS,72.40506329113924,66.21835443037975,2,1.0,1.0,1.0,0.5,0.0,61.18574962879937,0.21745048113999488,0.5721202716713748
BTC-USD,2023-03-22,2023-03-23,27307.4375,28333.97265625,0.12206686670374449,125.30593008467622,3.759177902540288,SIGNAL_WEAK,62.48780487804878,37.9390243902439,1,0.0,1.0,1.0,0.5,1.0,72.20290785643229,523.8766135988216,0.45867632846276873
SOL-USD,2023-04-11,2023-04-20,23.018827438354492,22.181440353393555,144.80899786316908,-121.26118459675354,-3.637835537902613,SIGNAL_WEAK,69.1139240506329,32.75316455696203,9,1.0,1.0,1.0,0.5,0.0,68.245294027028,0.15597385217238655,0.4678198567068321
BTC-USD,2023-06-21,2023-07-04,30027.296875,30777.58203125,0.11101010348049631,83.2892328351927,2.498676985055785,SIGNAL_WEAK,67.39024390243902,30.817073170731703,13,0.0,1.0,1.0,0.5,1.0,76.26640199938626,397.4295178027023,0.23266060006028144
SOL-USD,2023-07-05,2023-07-08,18.99286460876465,21.859268188476562,175.50450666589273,503.06674616268856,15.09200238488065,TAKE_PROFIT,66.21835443037975,79.68037974683546,3,1.0,1.0,1.0,-0.5,0.0,60.88338133218273,0.4106865187846073,0.4145689205904297
SOL-USD,2023-07-09,2023-07-13,21.3490047454834,26.02569580078125,156.135303405117,730.1965768509267,21.90589730552781,TAKE_PROFIT,69.7120253164557,65.31012658227849,4,1.0,1.0,1.0,0.5,0.0,73.24871101386736,0.5121369818474096,0.41157523701715465
SOL-USD,2023-07-14,2023-07-20,26.7357177734375,25.375167846679688,124.6771589070659,-169.62949941938086,-5.08888498258142,STOP_LOSS,80.67721518987342,56.43354430379746,6,1.0,1.0,1.0,0.5,1.0,87.29606888013335,0.7384705036692643,0.43974977939453014
SOL-USD,2023-07-21,2023-07-24,25.544267654418945,23.38149070739746,130.49242117366768,-282.2260002754265,-8.4667800082628,STOP_LOSS,68.11708860759494,54.82594936708861,3,1.0,1.0,1.0,0.5,0.0,68.33717784383356,0.10523532377283251,0.5623237610199191
SOL-USD,2023-07-26,2023-07-31,25.177053451538086,23.720956802368164,132.39568878659617,-192.78091880670672,-5.783427564201194,STOP_LOSS,87.57911392405065,45.09493670886076,5,1.0,1.0,1.0,0.5,0.0,61.524621407302675,-0.37819853427985595,0.5682341738681087
SOL-USD,2023-09-30,2023-10-19,21.3951473236084,24.93791961669922,155.7985688490763,551.9588530217102,16.5587655906513,TAKE_PROFIT,63.07278481012658,57.83227848101266,19,1.0,1.0,1.0,0.5,0.0,70.25209047504022,0.2626941843553068,0.5461521264835837
BTC-USD,2023-10-16,2023-10-23,28519.466796875,33086.234375,0.11687923049453999,533.760280378664,16.01280841135992,TAKE_PROFIT,63.17073170731708,78.02439024390245,7,1.0,1.0,1.0,0.5,0.0,61.279424367326804,6.941515174760838,0.38839584839512864
SOL-USD,2023-10-20,2023-10-23,27.033674240112305,31.850984573364258,123.30300734287039,593.9888513938508,17.819665541815528,TAKE_PROFIT,72.4367088607595,64.06329113924052,3,1.0,1.0,1.0,0.5,0.0,69.74709184317712,0.32581108306811923,0.3782524640699157
ETH-USD,2023-10-25,2023-10-27,1787.3975830078125,1780.0452880859375,1.8649087170208867,-13.7113588899133,-0.4113407666973926,SIGNAL_WEAK,82.20731707317074,38.540650406504064,2,1.0,1.0,1.0,0.5,0.0,81.77372836824651,26.82576485893083,0.2853604374426397
SOL-USD,2023-10-24,2023-10-30,30.15153694152832,34.962337493896484,110.5526839244558,531.8469128895549,15.955407386686652,TAKE_PROFIT,64.06329113924052,54.05379746835443,6,0.0,1.0,1.0,0.5,1.0,76.75874214232215,0.8011929082972991,0.37919901993725147
BTC-USD,2023-10-24,2023-11-02,33901.52734375,34938.2421875,0.09832398698543765,101.93393680448526,3.0580181041345504,SIGNAL_WEAK,78.02439024390245,37.9390243902439,9,1.0,1.0,1.0,0.5,1.0,89.88042739096166,597.2561803852985,0.35975966372744395
SOL-USD,2023-11-01,2023-11-10,41.461544036865234,56.64385223388672,80.39578387070014,1220.5935684660985,36.61780705398295,TAKE_PROFIT,78.09493670886077,66.05696202531647,9,0.0,1.0,1.0,0.5,1.0,86.98833673649787,1.027145294869098,0.5438124690749077
SOL-USD,2023-11-11,2023-11-13,56.1026611328125,51.90705108642578,59.41488810026843,-249.28170141842884,-7.478451042552868,STOP_LOSS,63.63291139240508,62.58860759493672,2,0.0,1.0,1.0,0.5,1.0,88.64741172779553,1.4232334659855477,0.5710934121497834
SOL-USD,2023-11-15,2023-11-16,65.5344009399414,57.871402740478516,50.86387127255723,-389.76975397931847,-11.69309261937955,STOP_LOSS,76.81329113924052,47.07278481012658,1,0.0,1.0,1.0,0.5,1.0,80.28116879446345,1.5183727018924396,0.5739215143584204
ETH-USD,2023-11-01,2023-11-21,1847.0897216796875,1937.0667724609375,1.8046407243834919,162.37625009976546,4.871287502992957,SIGNAL_WEAK,93.18292682926831,23.47560975609756,20,1.0,1.0,1.0,0.5,1.0,91.89160507481263,16.231683193087285,0.465685438884882
SOL-USD,2023-11-22,2023-11-23,57.588558197021484,56.599369049072266,57.88186816432115,-57.256115851173945,-1.7176834755352155,SIGNAL_WEAK,74.7626582278481,39.00316455696203,1,0.0,1.0,1.0,0.5,1.0,62.39398851045964,-0.7133683847568459,0.5568373913704001
BTC-USD,2023-12-06,2023-12-07,43746.4453125,43292.6640625,0.07619666716968373,-34.576618874092674,-1.0372985662227912,SIGNAL_WEAK,60.25609756097561,37.9390243902439,1,0.0,1.0,1.0,0.5,1.0,86.52013225240744,525.8036092320172,0.4275814459765162
SOL-USD,2023-12-06,2023-12-08,61.902957916259766,75.00243377685547,53.84772304164454,705.3769481320655,21.16130844396197,TAKE_PROFIT,61.946202531645575,59.74367088607596,2,0.0,1.0,1.0,0.5,0.0,61.03450550128141,-0.45444518293528713,0.5054850020062346
ETH-USD,2023-12-13,2023-12-14,2260.648681640625,2316.5791015625,1.4745030311008904,82.46957370555037,2.4740872111665095,SIGNAL_WEAK,62.601626016260155,29.369918699186993,1,0.0,1.0,1.0,1.0,0.0,66.69357582429463,-6.010142431226697,0.3781367466452366
SOL-USD,2023-12-13,2023-12-20,70.76778411865234,82.19123077392578,47.10241213352847,538.0718923420668,16.142156770262,TAKE_PROFIT,64.24050632911393,79.03481012658229,7,0.0,1.0,1.0,0.5,0.0,66.43932906404714,0.14541323931119,0.4190241857673519
SOL-USD,2023-12-22,2023-12-25,98.00369262695312,121.1464614868164,34.012323862341844,787.1393495329903,23.61418048598969,TAKE_PROFIT,63.06645569620253,57.06012658227848,3,0.0,1.0,1.0,0.5,1.0,70.91602940101122,1.9564096034172884,0.30552788715871887
SOL-USD,2023-12-27,2023-12-31,107.02379608154297,101.50582122802734,31.145721375773466,-171.86130734612243,-5.155839220383662,STOP_LOSS,75.07911392405063,61.47151898734178,4,0.0,1.0,1.0,0.5,1.0,73.0446281793274,3.0413978034806988,0.3253271407076109
SOL-USD,2024-01-01,2024-01-03,109.50868225097656,98.59443664550781,30.438986798269212,-332.218577897931,-9.966557336937932,STOP_LOSS,63.06645569620253,69.6360759493671,2,0.0,1.0,1.0,0.5,1.0,70.54511736555509,-0.25682610487262636,0.32225123863250843
SOL-USD,2024-01-17,2024-01-18,102.0635986328125,94.2509536743164,32.65937491901934,-255.15610080871056,-7.654683024261306,SIGNAL_WEAK,69.6360759493671,26.360759493670884,1,0.0,1.0,1.0,0.5,0.0,52.945479956925816,-1.1292615382465638,0.3980775886080538
SOL-USD,2024-02-07,2024-02-14,100.97927856445312,116.97632598876953,33.01007276661945,528.0636995277468,15.841910985832405,TAKE_PROFIT,61.946202531645575,63.99683544303798,7,0.0,1.0,1.0,0.5,0.0,67.52820084566504,0.3569893194403232,0.4274366513251182
BTC-USD,2024-02-14,2024-02-15,51826.6953125,51938.5546875,0.06431691839956795,7.194450294101898,0.21583350882305014,SIGNAL_WEAK,65.7439024390244,37.9390243902439,1,0.0,1.0,1.0,0.5,1.0,92.48122217343492,876.0157261396137,0.39747673697165425
BTC-USD,2024-02-21,2024-02-22,51839.1796875,51304.97265625,0.06430142902390683,-34.350275503994,-1.0305082651198154,SIGNAL_WEAK,60.25609756097561,33.47560975609756,1,0.0,1.0,1.0,0.5,1.0,85.72857443476977,272.04706195434346,0.4927181260215948
ETH-USD,2024-02-14,2024-02-22,2777.90234375,2971.00732421875,1.1999461899130461,231.7155855667097,6.951467567001292,SIGNAL_WEAK,67.39024390243902,33.47560975609756,8,0.0,1.0,1.0,0.5,1.0,93.30957444901047,45.173208628899225,0.32546932266938683
BTC-USD,2024-02-28,2024-02-29,62504.7890625,61198.3828125,0.05332924697978351,-69.66966156218268,-2.090089846865484,SIGNAL_WEAK,61.90243902439025,38.97560975609756,1,0.0,1.0,1.0,0.5,1.0,84.52305357656144,686.6040194522316,0.43081388295101597
ETH-USD,2024-02-28,2024-02-29,3385.703857421875,3341.919677734375,0.9845318650732731,-43.10692008843762,-1.2932076026531307,SIGNAL_WEAK,60.25609756097561,37.9390243902439,1,0.0,1.0,1.0,0.5,1.0,85.00319021827617,38.66277717388067,0.522493879709597
SOL-USD,2024-02-28,2024-02-29,118.05220031738281,125.71151733398438,28.2360966112591,216.26921525702255,6.488076457710676,SIGNAL_WEAK,63.22784810126583,39.81012658227848,1,0.0,1.0,1.0,0.5,0.0,51.17142999074101,0.08904523075642468,0.4233906458597747
BTC-USD,2024-03-06,2024-03-07,66106.8046875,66925.484375,0.05042345260961655,41.280656425112284,1.2384196927533582,SIGNAL_WEAK,60.25609756097561,37.9390243902439,1,0.0,1.0,1.0,0.5,1.0,74.62066438433914,805.1695435001889,0.46104683397126456
ETH-USD,2024-03-06,2024-03-07,3819.226318359375,3874.34765625,0.8727771164829095,48.108642340860115,1.4432592702257947,SIGNAL_WEAK,60.25609756097561,37.9390243902439,1,0.0,1.0,1.0,0.5,1.0,85.0169909664175,41.60836200785775,0.5837676992900765
SOL-USD,2024-03-06,2024-03-12,130.7420196533203,151.01544189453125,25.49550130992397,516.8810633074354,15.506431899223056,TAKE_PROFIT,68.26898734177216,59.74367088607596,6,0.0,1.0,1.0,0.5,0.0,72.89872442392843,1.6327050387603705,0.3918055005002125
ETH-USD,2024-03-13,2024-03-14,4006.45703125,3883.140380859375,0.831990286513405,-102.59825529036925,-3.0779476587110848,SIGNAL_WEAK,69.03658536585365,33.101626016260155,1,0.0,1.0,1.0,0.5,1.0,77.56296834785338,19.084864867830618,0.6526343588685796
BTC-USD,2024-03-13,2024-03-15,73083.5,69403.7734375,0.04560993019400184,-167.83207164863916,-5.03496214945918,SIGNAL_WEAK,69.03658536585365,38.84146341463415,2,0.0,1.0,1.0,0.5,1.0,71.71617219938639,502.8224789703909,0.6019395715432444
SOL-USD,2024-03-13,2024-03-17,163.83981323242188,202.12356567382812,20.345075275474667,778.8858252480472,23.366574757441416,TAKE_PROFIT,76.81329113924052,59.74367088607596,4,0.0,1.0,1.0,0.5,1.0,86.45887780406223,2.630221747335156,0.44387436277721054
SOL-USD,2024-03-20,2024-03-21,191.54962158203125,179.2207489013672,17.401931185261212,-214.54619398076284,-6.436385819422888,SIGNAL_WEAK,76.81329113924052,39.00316455696203,1,0.0,1.0,1.0,0.5,1.0,73.6346891065381,2.6685321438904843,0.46228895683369425
SOL-USD,2024-03-27,2024-04-02,186.36146545410156,181.17225646972656,17.886387216429625,-92.81620124150686,-2.7844860372452027,SIGNAL_WEAK,61.946202531645575,37.547468354430386,6,0.0,1.0,1.0,0.5,0.0,58.34899357559561,-1.092151619079413,0.4575186023102542
SOL-USD,2024-05-15,2024-05-16,158.18682861328125,159.116455078125,21.07212947218457,19.58920922795687,0.5876762768387022,SIGNAL_WEAK,61.946202531645575,39.00316455696203,1,0.0,1.0,1.0,0.5,0.0,65.79427251964574,1.6717570807163389,0.5809015702471502
ETH-USD,2024-05-29,2024-05-30,3763.196533203125,3746.849609375,0.8857717910619183,-14.479643997590756,-0.4343893199277309,SIGNAL_WEAK,60.25609756097561,37.9390243902439,1,0.0,1.0,1.0,0.5,1.0,74.63163140896586,50.61846224506402,0.4497232666272184
SOL-USD,2024-05-29,2024-05-30,168.0726776123047,166.97653198242188,19.83269012362839,-21.739516607835412,-0.6521854982350582,SIGNAL_WEAK,61.946202531645575,39.00316455696203,1,0.0,1.0,1.0,0.5,0.0,57.461136686143725,-0.4656303363819072,0.5641086408433434
SOL-USD,2024-07-17,2024-07-18,155.5841064453125,159.07241821289062,21.424639119581236,74.73582075694958,2.242074622708496,SIGNAL_WEAK,66.21835443037975,37.92721518987342,1,0.0,1.0,1.0,0.5,0.0,58.608585325715026,2.7919530476429038,0.3424940747251697
BTC-USD,2024-07-24,2024-07-25,65372.1328125,65777.2265625,0.050990126678197606,20.655781629046032,0.6196734488713833,SIGNAL_WEAK,60.25609756097561,37.9390243902439,1,0.0,1.0,1.0,0.5,1.0,73.49641548560264,705.3891830310436,0.45032062920373617
SOL-USD,2024-07-24,2024-08-01,178.0323028564453,167.672119140625,18.723193936446105,-193.9757289285144,-5.819271867855436,SIGNAL_WEAK,63.99683544303798,28.243670886075947,8,0.0,1.0,1.0,0.5,0.0,72.05506689790717,3.2039955895532355,0.4361254480413234
SOL-USD,2024-09-25,2024-10-02,148.02342224121094,140.38555908203125,22.518958708450302,-171.99672510236087,-5.159901753070835,SIGNAL_WEAK,66.21835443037975,15.506329113924048,7,1.0,1.0,1.0,-0.5,0.0,65.53654787084275,2.142977626185279,0.42517494186897753
SOL-USD,2024-10-14,2024-10-17,157.44512939453125,150.31602478027344,21.171396956844283,-150.93310373532267,-4.527993112059671,SIGNAL_WEAK,68.11708860759494,39.16139240506329,3,1.0,1.0,1.0,0.5,0.0,54.594877420546915,0.6528676163287231,0.40453802039489056
BTC-USD,2024-10-16,2024-10-28,67612.71875,69907.7578125,0.04930038896466256,113.14631847034434,3.3943895541103353,SIGNAL_WEAK,76.1178861788618,36.28048780487805,12,1.0,1.0,1.0,0.5,0.0,77.36770216510898,500.254361644867,0.386090078545238
SOL-USD,2024-10-18,2024-10-29,154.97593688964844,179.36074829101562,21.508715483403424,524.4859705484587,15.734579116453764,TAKE_PROFIT,64.63607594936708,73.03481012658229,11,1.0,1.0,1.0,0.5,0.0,64.02165697226538,0.8972455642799972,0.3421279493216635
SOL-USD,2024-10-30,2024-11-02,174.9249725341797,166.01034545898438,19.05578880500903,-169.87525082033744,-5.096257524610117,SIGNAL_WEAK,68.67088607594937,38.212025316455694,3,0.0,1.0,1.0,0.5,0.0,66.25489658757084,1.1384182497233954,0.3652408207418069
BTC-USD,2024-11-06,2024-11-07,75639.078125,75904.859375,0.04406893124509949,11.712695632486884,0.3513808689745979,SIGNAL_WEAK,67.39024390243902,29.369918699186993,1,0.0,1.0,1.0,0.5,1.0,70.8658040696853,138.34846815605692,0.2722869379502951
SOL-USD,2024-11-06,2024-11-11,186.9547882080078,222.6416778564453,17.829622687302518,636.2837773150422,19.088513319451277,TAKE_PROFIT,67.5,54.09493670886077,5,0.0,1.0,1.0,0.5,0.0,59.53144348715814,-0.3883644784849807,0.27531846219411676
SOL-USD,2024-11-13,2024-11-14,215.18455505371094,209.2190704345703,15.490578924223069,-92.4088103140366,-2.7722643094210997,SIGNAL_WEAK,64.3987341772152,37.92721518987342,1,0.0,1.0,1.0,0.5,0.0,71.09265877381031,3.822112412433418,0.3055587149139097
BTC-USD,2024-11-13,2024-11-21,90584.1640625,98504.7265625,0.036798190586971105,291.46236843101633,8.743871052930489,SIGNAL_WEAK,62.39837398373983,37.9390243902439,8,0.0,1.0,1.0,0.5,1.0,81.68346276367701,1882.8555504877809,0.3291614639205853
SOL-USD,2024-11-15,2024-11-21,218.09490966796875,257.0658874511719,15.283865810568686,595.6271949451302,17.8688158483539,TAKE_PROFIT,64.57594936708861,48.36392405063292,6,0.0,1.0,1.0,1.0,1.0,75.50485821052972,2.690041989320367,0.33774883596398236
SOL-USD,2024-11-27,2024-12-02,242.30221557617188,225.75619506835938,13.756924695909117,-227.62235814294445,-6.828670744288335,SIGNAL_WEAK,61.946202531645575,32.563291139240505,5,0.0,1.0,1.0,0.5,0.0,62.98025466141823,-1.5337855839326835,0.455344535418373
ETH-USD,2024-12-03,2024-12-05,3620.711669921875,3811.00830078125,0.9206293229654648,175.19265843067524,5.255779752920262,SIGNAL_WEAK,63.93902439024391,29.369918699186993,2,1.0,1.0,1.0,0.5,0.0,70.84694179780823,8.201477115673868,0.38935500145442464
SOL-USD,2025-01-22,2025-01-26,257.23736572265625,240.88345336914062,12.95820039195709,-211.91727346935795,-6.357518204080742,STOP_LOSS,76.81329113924052,58.14873417721519,4,0.0,1.0,1.0,0.5,1.0,72.03209738229427,6.954042328179703,0.42963558396567897
SOL-USD,2025-01-27,2025-01-30,235.07444763183594,239.0231475830078,14.17990499143431,55.992190147298516,1.6797657044189545,SIGNAL_WEAK,60.91772151898734,39.00316455696203,3,0.0,1.0,1.0,0.5,1.0,68.49450433215138,1.366355906820317,0.4525360574359261
SOL-USD,2025-04-30,2025-05-04,147.64320373535156,143.98306274414062,22.576950709551713,-82.6348227485787,-2.4790446824573724,SIGNAL_WEAK,68.26898734177216,38.212025316455694,4,1.0,1.0,1.0,-0.5,0.0,72.94526560309541,0.8039347476284409,0.4724131239412486
SOL-USD,2025-05-13,2025-05-15,184.00625610351562,169.00999450683594,18.115326097706777,-271.66216907036915,-8.149865072111083,STOP_LOSS,72.09177215189874,41.69303797468354,2,1.0,1.0,1.0,0.5,1.0,81.05849785921923,2.86123694233419,0.46504399011583003
BTC-USD,2025-04-23,2025-05-21,93699.109375,109678.078125,0.03557486677907213,568.4496845482067,17.0534905364462,TAKE_PROFIT,65.7439024390244,93.18292682926831,28,0.0,1.0,1.0,0.5,1.0,74.33139163353611,1268.0481993446888,0.25516488069580906
SOL-USD,2025-05-21,2025-05-29,173.68173217773438,166.5881805419922,19.192193050690104,-136.1408124082027,-4.084224372246078,SIGNAL_WEAK,66.21835443037975,29.58860759493671,8,1.0,1.0,1.0,-0.5,0.0,65.41013415814194,-0.8438254081287582,0.4413124858329682
ETH-USD,2025-06-11,2025-06-13,2773.529296875,2579.486083984375,1.2018381551220958,-233.20853699443296,-6.996256109832985,SIGNAL_WEAK,68.59756097560977,27.743902439024392,2,1.0,1.0,1.0,0.5,0.0,54.95568617662039,3.9400271436471854,0.5010148307380167
SOL-USD,2025-07-09,2025-07-10,157.28150939941406,164.06277465820312,21.193421566602485,143.71821338447216,4.3115464015341685,SIGNAL_WEAK,61.313291139240505,37.92721518987342,1,1.0,1.0,1.0,-0.5,0.0,62.801869073536984,1.2661861877493352,0.4173848655862792
ETH-USD,2025-07-16,2025-07-17,3371.5068359375,3476.784423828125,0.9886776137609249,104.08559437820941,3.122567831346275,SIGNAL_WEAK,61.90243902439025,38.97560975609756,1,0.0,1.0,1.0,0.5,1.0,88.0474004731689,69.74265248379162,0.4388592249544414
SOL-USD,2025-07-15,2025-07-21,163.950439453125,195.9942626953125,20.331347353822526,651.4941008814058,19.544823026442167,TAKE_PROFIT,69.7120253164557,80.67721518987342,6,1.0,1.0,1.0,0.5,0.0,71.65793235613624,1.5612620873813536,0.4266957226162627
SOL-USD,2025-07-22,2025-07-23,205.70054626464844,189.54293823242188,16.204786005015087,-261.83058051514445,-7.854917415454331,STOP_LOSS,80.67721518987342,92.94936708860759,1,1.0,1.0,1.0,0.5,1.0,93.97781674470428,4.139575750319131,0.41563277016431355
ETH-USD,2025-07-23,2025-07-31,3629.70361328125,3696.707763671875,0.9183486280082251,61.53316958208734,1.8459950874626176,SIGNAL_WEAK,62.48780487804878,25.914634146341463,8,0.0,1.0,1.0,0.5,1.0,87.14400975202071,58.92223675983186,0.5246451352186465
SOL-USD,2025-07-25,2025-07-31,186.7796630859375,172.42434692382812,17.84633979021401,-256.1898500249549,-7.685695500748644,STOP_LOSS,71.3607594936709,42.5,6,1.0,1.0,1.0,0.5,0.0,65.90837291125194,1.583248053135268,0.41734769543015915
ETH-USD,2025-08-13,2025-08-14,4756.27587890625,4548.16650390625,0.700828425053398,-145.8489655200974,-4.37546896560291,SIGNAL_WEAK,60.25609756097561,36.28048780487804,1,0.0,1.0,1.0,0.5,1.0,72.93987200071832,73.8936720735554,0.44822792369745046
SOL-USD,2025-08-13,2025-08-15,201.59042358398438,185.7412567138672,16.53517698942002,-262.06877933223996,-7.862063379967195,STOP_LOSS,66.21835443037975,51.50316455696203,2,0.0,1.0,1.0,0.5,0.0,63.45104697557472,2.1714868367879157,0.36381665673681285
ETH-USD,2025-08-20,2025-08-21,4334.50048828125,4223.2099609375,0.7690236377514155,-85.58504618516417,-2.56755138555492,SIGNAL_WEAK,62.01219512195123,28.678861788617887,1,0.0,1.0,1.0,0.5,1.0,64.89660991613255,-34.59208714482918,0.4815575441427366
SOL-USD,2025-08-20,2025-08-21,187.5863037109375,180.28062438964844,17.769598672138976,-129.818989566651,-3.8945696869995383,SIGNAL_WEAK,66.21835443037975,30.933544303797465,1,0.0,1.0,1.0,0.5,0.0,59.998808403365835,-0.29334755253202704,0.39386878466131203
SOL-USD,2025-08-27,2025-09-12,202.92337036132812,242.30328369140625,16.426562043583026,646.8765895874503,19.406297687623518,TAKE_PROFIT,66.21835443037975,53.09810126582279,16,0.0,1.0,1.0,0.5,0.0,50.580068681789335,0.8353253232843629,0.36815533609145296
SOL-USD,2025-09-17,2025-09-22,244.85745239257812,220.49644470214844,13.613362798486627,-331.63523582654216,-9.949057074796263,STOP_LOSS,68.26898734177216,40.03164556962025,5,0.0,1.0,1.0,0.5,0.0,73.21607121715958,2.0088780247409463,0.2728196761668178
SOL-USD,2025-10-08,2025-10-09,229.10121154785156,220.99107360839844,14.54961023912836,-117.99934600461074,-3.5399803801383167,SIGNAL_WEAK,61.313291139240505,20.174050632911392,1,0.0,1.0,1.0,0.5,0.0,58.17934918307894,0.5748861750899281,0.31315876973115986
